Submission Date,Open,High,Low,Close,Volume,Amplitude,Daily Change,Daily Change %,Ticker,Total Cases,Daily New Cases,Total Deaths,Daily New Deaths
2020-01-22,56.18589240212307,56.22047122571586,55.85986403236383,55.91913986206055,4542800,0.3606071933520312,-0.2667525400625266,-0.47,XLC,33,33,0,0
2020-01-23,55.82034321854481,55.84998113281895,55.533830817864654,55.6919059753418,1985600,0.31615031495429236,-0.12843724320300964,-0.23,XLC,35,2,0,0
2020-01-24,55.830223886989685,55.830223886989685,54.76321746614958,55.02008819580078,3175800,1.0670064208401087,-0.8101356911889042,-1.45,XLC,36,1,0,0
2020-01-27,53.992599770075856,54.36802591910915,53.85428070753775,54.160552978515625,5708800,0.5137452115714041,0.16795320843976924,0.31,XLC,43,1,0,0
2020-01-28,54.50633989359247,55.00526613573272,54.24946917842849,54.78297424316406,6526600,0.7557969573042271,0.2766343495715944,0.51,XLC,44,1,0,0
2020-01-29,55.089247317695445,55.089247317695445,54.49646637569293,54.694061279296875,5983800,0.5927809420025127,-0.39518603839857036,-0.72,XLC,45,1,0,0
2020-01-30,53.45909819668033,54.17043834683983,53.32473260607355,54.14079666137695,3163200,0.8457057407662774,0.6816984646966233,1.28,XLC,47,2,0,0
2020-01-31,54.14079464918475,54.14079464918475,53.14294588123861,53.26150131225586,3635500,0.9978487679461381,-0.8792933369288889,-1.62,XLC,51,4,0,0
2020-02-03,53.69621154349629,54.15068097639261,53.69621154349629,53.89380645751953,5905700,0.45446943289631747,0.19759491402324159,0.37,XLC,545,29,187,0
2020-02-04,54.11115527713293,54.48757262351017,53.686327577879496,54.45694351196289,3504000,0.8012450456306723,0.3457882348299606,0.64,XLC,553,8,187,0
2020-02-05,54.93117593566855,54.98057749158239,54.25935547838373,54.545867919921875,3771700,0.7212220131986555,-0.3853080157466735,-0.7,XLC,558,5,187,0
2020-02-06,54.812619881648274,55.32142424388679,54.812619881648274,55.227569580078125,1998100,0.5088043622385143,0.41494969842985086,0.76,XLC,560,2,187,0
2020-02-07,55.04973020271671,55.38564040118762,54.881773219076635,55.188045501708984,2698600,0.5038671821109872,0.1383152989922749,0.25,XLC,565,5,187,0
2020-02-10,55.059614366501265,55.52396186652388,55.02009462845473,55.51408004760742,4420500,0.503867238069148,0.45446568110615715,0.83,XLC,617,9,188,0
2020-02-11,55.80058790956592,55.87962737916356,55.385642000606346,55.45479965209961,1703300,0.4939853785572126,-0.34578825746631026,-0.62,XLC,628,11,188,0
2020-02-12,55.73142638298268,56.25504964182603,55.71166651695721,56.1760139465332,1730200,0.5433831248688179,0.4445875635505203,0.8,XLC,638,10,188,0
2020-02-13,55.859869425909544,56.39831169795918,55.731432167816905,56.18589782714844,2761600,0.6668795301422747,0.32602840123889365,0.58,XLC,644,6,188,0
2020-02-14,56.23529079279686,56.343968173497835,56.02288070900205,56.25505065917969,2111700,0.3210874644957826,0.01975986638282734,0.04,XLC,652,8,188,0
2020-02-18,56.13649635690828,56.744100011751115,56.126618307923096,56.6304817199707,2952900,0.6174817038280196,0.49398536306242136,0.88,XLC,695,7,188,0
2020-02-19,56.83795425345,57.05530901763135,56.62060325807785,56.88735580444336,4301800,0.434705759553502,0.04940155099335897,0.09,XLC,712,17,189,1
2020-02-20,56.64036884728742,56.684825725102044,55.78083152144232,56.30445861816406,2939000,0.903994203659721,-0.3359102291233569,-0.59,XLC,726,14,189,0
2020-02-21,56.04758237007646,56.13649989177913,55.286844410800164,55.44491958618164,2927400,0.8496554809789671,-0.6026627838948215,-1.08,XLC,745,19,189,0
2020-02-24,53.74560720357541,54.12103335335087,53.20222030740996,53.58753204345703,5297200,0.9188130459409081,-0.1580751601183792,-0.29,XLC,814,19,189,0
2020-02-25,53.77525122316711,54.00248405608326,52.0561803640147,52.15497970581055,13048800,1.946303692068561,-1.6202715173565636,-3.01,XLC,838,24,189,0
2020-02-26,52.46124307133816,53.11429478447603,51.7696665909956,52.056175231933594,6991500,1.3446281934804318,-0.40506783940456614,-0.77,XLC,882,44,189,0
2020-02-27,51.05832616423232,51.77954432420028,50.00119781494141,50.001197814941406,8635300,1.778346509258867,-1.0571283492909131,-2.07,XLC,919,37,190,1
2020-02-28,48.60816298872364,50.23831250970805,48.45008781513468,50.14939498901367,17880300,1.7882246945733726,1.5412320002900302,3.17,XLC,970,51,190,0
2020-03-02,50.67302195442324,51.88822555541993,49.83324453438496,51.88822555541992,7324000,2.054981021034969,1.2152036009966807,2.4,XLC,1175,79,197,6
2020-03-03,51.957381779098576,52.56992258748617,49.87276289816913,50.17903518676758,9167600,2.69715968931704,-1.7783465923309976,-3.42,XLC,1346,171,200,3
2020-03-04,51.03856759205961,52.01666026979722,50.55446027768641,51.98701858520508,3398100,1.4621999921108113,0.948450993145471,1.86,XLC,1489,143,202,2
2020-03-05,50.82121466185699,51.13736500432505,49.7146884632188,50.090118408203125,4009100,1.4226765411062487,-0.7310962536538668,-1.44,XLC,1656,167,205,3
2020-03-06,48.48960687070761,49.477577633985504,48.03513745530466,49.220703125,6736400,1.4424401786808474,0.7310962542923889,1.51,XLC,1872,216,209,4
2020-03-09,45.99003727918006,47.62019051075005,44.45868338308026,45.94063949584961,6080000,3.161507127669786,-0.04939778333044842,-0.11,XLC,3090,600,223,4
2020-03-10,47.4818772714655,48.301891063020335,45.82208605159441,48.28213119506836,5108100,2.479805011425924,0.8002539236028596,1.69,XLC,3763,673,229,6
2020-03-11,47.116321061405834,47.35343568634912,45.52569140914583,46.20738983154297,5854600,1.8277442772032941,-0.9089312298628656,-1.93,XLC,4627,864,243,14
2020-03-12,43.23359802157018,44.843991386666524,40.55619821464969,41.870201110839844,9472200,4.287793172016833,-1.3633969107303372,-3.15,XLC,5774,1147,250,7
2020-03-13,44.4685630764942,45.69364849995842,42.117195337498586,45.634368896484375,7604700,3.576453162459835,1.165805819990176,2.62,XLC,7119,1345,261,11
2020-03-16,39.03472324368253,43.164441340433726,38.63953719920294,40.48704147338867,19813500,4.524904141230785,1.4523182297061439,3.72,XLC,14742,2917,316,21
2020-03-17,41.29717732471723,42.937208647894884,39.667027819747105,42.245628356933594,14016600,3.2701808281477796,0.9484510322163615,2.3,XLC,18764,4022,348,32
2020-03-18,39.81521816270729,41.18849682257356,38.21470669577334,40.842708587646484,18094800,2.9737901268002247,1.0274904249391952,2.58,XLC,24854,6090,419,71
2020-03-19,40.51667841754646,42.99648708721925,39.71642452962302,41.57381057739258,14289200,3.2800625575962314,1.0571321598461196,2.61,XLC,32039,7185,484,65
2020-03-20,42.35430735303909,42.4037051395248,39.56822998457832,39.73618698120117,10077800,2.8354751549464794,-2.618120371837918,-6.18,XLC,40311,8272,586,102
2020-03-23,39.64007703221343,40.78935184445516,38.6691382925116,39.94721221923828,15113800,2.1202135519435643,0.30713518702484777,0.77,XLC,73379,11415,1007,171
2020-03-24,41.92872379636336,42.4042854309082,41.0865841104996,42.4042854309082,6497900,1.3177013204086023,0.4755616345448459,1.13,XLC,85608,12229,1241,234
2020-03-25,42.26557797009442,43.54365191457948,41.03704098435259,41.75038528442383,5291400,2.506610930226884,-0.5151926856705913,-1.22,XLC,100464,14856,1553,312
2020-03-26,42.08724153067991,44.31643866967415,41.97825795473177,44.128196716308594,4691000,2.338180714942382,2.0409551856286825,4.85,XLC,119910,19446,1906,353
2020-03-27,42.87984339786694,43.52879001172638,42.19622431532257,42.36465072631836,3378100,1.3325656964038117,-0.5151926715485828,-1.2,XLC,140607,20697,2410,504
2020-03-30,42.760953932847116,44.058843380792105,42.29529821880815,43.91022872924805,3025600,1.7635451619839557,1.149274796400931,2.69,XLC,204520,21727,4320,785
2020-03-31,43.90032708174988,44.61862248146229,43.54266469707824,43.83097457885742,4777200,1.0759577843840518,-0.06935250289245687,-0.16,XLC,227644,23124,5330,1010
2020-04-01,42.55289785595229,43.04827500496354,41.69094267491246,42.087242126464844,5481200,1.3573323300510793,-0.4656557294874446,-1.09,XLC,256277,28633,6470,1140
2020-04-02,41.90890906270347,42.88975755119323,41.84946621938335,42.62225341796875,4537200,1.0402913318098754,0.7133443552652778,1.7,XLC,286513,30236,7819,1349
2020-04-03,42.542985017815035,42.7114152011967,41.20546832719076,41.760292053222656,3071800,1.505946874005943,-0.7826929645923784,-1.84,XLC,318258,31745,9213,1394
2020-04-06,43.32568900820832,44.752373968787445,43.07800041078241,44.51459503173828,3294700,1.674373558005037,1.1889060235299596,2.74,XLC,406598,28541,14460,1741
2020-04-07,45.88183250300481,46.020537498813276,44.70283247977746,44.84153747558594,3694300,1.317705019035813,-1.0402950274188711,-2.27,XLC,436730,30132,16591,2131
2020-04-08,45.336910841692436,46.01062400469251,44.87125893449192,45.80256652832031,2628200,1.13936507020059,0.46565568662787626,1.03,XLC,470181,33451,18815,2224
2020-04-09,46.36730021922546,46.62489845223337,45.653959697311514,46.139427185058594,3256500,0.9709387549218533,-0.2278730341668691,-0.49,XLC,505025,34844,21057,2242
2020-04-13,46.02053263216363,46.29794259444459,45.13876201254718,46.20877456665039,2606200,1.1591805818974095,0.1882419344867614,0.41,XLC,622159,25232,29391,1966
2020-04-14,47.16981019793314,47.89900538255045,46.882490559888915,47.576019287109375,5554200,1.0165148226615344,0.40620908917623666,0.86,XLC,647647,25488,31912,2521
2020-04-15,46.743786797988996,47.52648357897175,46.54563518794649,47.13018035888672,1969100,0.9808483910252619,0.3863935608977229,0.83,XLC,673316,25669,34604,2692
2020-04-16,47.47694476341779,47.47694476341779,46.6447147705262,47.318424224853516,2475600,0.832229992891591,-0.15852053856427517,-0.33,XLC,704834,31518,37039,2435
2020-04-17,48.15065190781246,48.15065190781246,47.31841824074133,47.96240997314453,3348400,0.8322336670711294,-0.1882419346679285,-0.39,XLC,735111,30277,39357,2318
2020-04-20,47.5165795974411,48.11103449859882,47.35805904635132,47.5264892578125,1948500,0.7529754522474974,0.009909660371398843,0.02,XLC,816776,26252,45456,2156
2020-04-21,46.912211956918675,46.99741915005779,45.6935846899328,46.03044128417969,4167700,1.303834460124989,-0.8817706727389876,-1.88,XLC,841866,25090,48073,2617
2020-04-22,47.2391689589907,47.61565668018193,46.79332873382057,47.268890380859375,2151700,0.8223279463613551,0.029721421868671882,0.06,XLC,873079,31213,50322,2249
2020-04-23,47.496763636346614,48.18038657766468,47.33824308665785,47.60574722290039,2486900,0.84214349100683,0.10898358655377649,0.23,XLC,905137,32058,52283,1961
2020-04-24,47.506671223661066,48.23982731669458,47.060831016044546,48.210105895996094,2693000,1.1789963006500344,0.7034346723350282,1.48,XLC,938891,33754,54386,2103
2020-04-27,48.68566936489291,48.84418991365751,48.46275114237106,48.60641098022461,2022300,0.3814387712864473,-0.07925838466830015,-0.16,XLC,1024179,24135,59389,1578
2020-04-28,49.101783898925454,49.101783898925454,47.64537388540554,47.724632263183594,2583000,1.456410013519914,-1.3771516357418605,-2.8,XLC,1047590,23411,61527,2138
2020-04-29,49.43863765703224,50.488834723448704,49.339559966238966,50.03308868408203,3551600,1.1492747572097386,0.5944510270497929,1.2,XLC,1076422,28832,63916,2389
2020-04-30,50.06281308431787,50.37985415489053,49.391084064027346,49.81512451171875,3663100,0.9887700908631842,-0.2476885725991167,-0.49,XLC,1108355,31933,66148,2232
2020-05-01,49.290027525371045,49.84485130635114,48.71241757416371,49.12160110473633,2793500,1.1324337321874296,-0.16842642063471658,-0.34,XLC,1138334,29979,68036,1888
2020-05-04,48.814465398053756,49.47826897286348,48.546961280324716,49.40891647338867,3721800,0.9313076925387662,0.5944510753349164,1.22,XLC,1215689,21140,72399,1341
2020-05-05,49.81512623137482,50.23124501300848,49.5674376502253,49.6665153503418,2261500,0.6638073627831815,-0.14861088103302222,-0.3,XLC,1239190,23501,74842,2443
2020-05-06,50.07271939576795,50.161887427118835,49.50798979035479,49.52780532836914,2486000,0.653897636764043,-0.5449140673988069,-1.09,XLC,1263610,24420,77136,2294
2020-05-07,50.260962469528955,50.64735602094107,50.09253606175548,50.45911407470703,3207200,0.5548199591855862,0.19815160517807584,0.39,XLC,1295293,31683,79237,2101
2020-05-08,51.07338466579221,51.44987236729558,50.776159124364426,51.38051986694336,4640700,0.6737132429311572,0.3071352011511479,0.6,XLC,1324233,28940,80876,1639
2020-05-11,51.06347389012501,51.766908485933484,50.94854528080457,51.41023635864258,2269700,0.818363205128918,0.34676246851756787,0.68,XLC,1390738,19340,84623,1154
2020-05-12,51.5687648589378,51.65793290454977,50.39967438510437,50.409584045410156,13806400,1.2582585194453983,-1.159180813527641,-2.25,XLC,1415367,24629,86165,1542
2020-05-13,50.379852595314034,50.518561366394884,48.87390944642624,49.5476188659668,4338800,1.644651919968645,-0.8322337293472373,-1.65,XLC,1438947,23580,87813,1648
2020-05-14,49.131506916623934,50.082630157470696,48.604424136455094,50.0826301574707,3219800,1.4782060210156018,0.9511232408467691,1.94,XLC,1468752,29805,89593,1780
2020-05-15,49.67641951218134,50.77615737915039,49.428730939600115,50.77615737915039,3938600,1.3474264395502757,1.0997378669690505,2.21,XLC,1496452,27700,91104,1511
2020-05-18,51.340885542779446,52.1235823166436,51.192270891742304,51.84617233276367,2852300,0.9313114249012955,0.5052867899842255,0.98,XLC,1566889,25156,94303,1041
2020-05-19,51.77681513402732,52.440622442880596,51.59848284716156,51.83626174926758,5526800,0.8421395957190327,0.05944661524025463,0.11,XLC,1588286,21397,95511,1208
2020-05-20,52.58923857883917,53.40165677963239,52.549607500891305,53.272857666015625,4532500,0.8520492787410845,0.6836190871764529,1.3,XLC,1613695,25409,96817,1306
2020-05-21,53.50073064421586,53.67906671538412,52.83692709664435,52.89636993408203,4016100,0.8421396187397647,-0.6043607101338253,-1.13,XLC,1640915,27220,97895,1078
2020-05-22,52.876556620963996,53.30258127786305,52.5991466227703,53.21341323852539,3870900,0.7034346550927495,0.33685661756139496,0.64,XLC,1667275,26360,99699,1804
2020-05-26,54.233891040694985,54.28342799889216,53.28276405794201,53.36202621459961,3651100,1.0006639409501474,-0.8718648260953756,-1.61,XLC,1743814,15949,103097,903
2020-05-27,53.40165354851611,53.73851013183594,52.40594450703101,53.73851013183594,5946600,1.3325656248049285,0.33685658331982893,0.63,XLC,1765740,21926,104412,1315
2020-05-28,53.272861671748146,54.095185814147335,53.10443146751879,53.23323059082031,4074500,0.9907543466285418,-0.039631080927833295,-0.07,XLC,1791652,25912,105573,1161
2020-05-29,53.203504896371456,53.66915683187332,52.65363597580552,53.520545959472656,6113400,1.015520856067802,0.3170410631012004,0.6,XLC,1816498,24846,106578,1005
2020-06-01,53.39174947913949,54.214077375461784,53.292675559320614,54.13481521606445,6930100,0.9214018161411701,0.7430657369249616,1.39,XLC,1877897,16987,108899,730
2020-06-02,54.19425885777117,54.37259492718825,53.570082614811376,54.352779388427734,3468600,0.8025123123768765,0.1585205306565669,0.29,XLC,1899218,21321,109826,927
2020-06-03,54.49148067099855,54.69458709489738,54.32305427214057,54.521202087402344,3217000,0.3715328227568122,0.02972141640379533,0.05,XLC,1922192,22974,110850,1024
2020-06-04,54.37259992661146,54.600472974168405,53.718702205100435,54.1150016784668,2235300,0.8817707690679697,-0.25759824814466015,-0.47,XLC,1945382,23190,111708,858
2020-06-05,54.48157626777023,55.383162457571274,54.47166660908233,54.99676513671875,2784300,0.911495848488947,0.5151888689485205,0.95,XLC,1970928,25546,112564,856
2020-06-08,55.0066773300504,56.066784092859656,54.85806267830318,56.02715301513672,3216000,1.2087214145564786,1.0204756850863177,1.86,XLC,2030397,17947,114656,842
2020-06-09,55.72992627984243,56.146041248606714,55.59122129025433,55.88844680786133,3549200,0.5548199583523825,0.15852052801889727,0.28,XLC,2049977,19580,115524,868
2020-06-10,56.23520917469875,56.274840251484854,55.3435326235765,55.72002029418945,2638100,0.9313076279083532,-0.5151888805092995,-0.92,XLC,2074594,24617,116358,834
2020-06-11,54.451854503329805,54.8283421892251,53.035075575850755,53.153968811035156,4669100,1.7932666133743425,-1.2978856922946491,-2.38,XLC,2099158,24564,117188,830
2020-06-12,54.323059697223435,54.52120753227365,52.61896110391219,53.61962127685547,4944200,1.9022464283614582,-0.7034384203679664,-1.29,XLC,2128659,29501,117917,729
2020-06-15,52.836926894208574,54.66982077711509,52.74775885896607,54.4815788269043,4114300,1.9220619181490193,1.644651932695723,3.11,XLC,2196531,21432,119658,601
2020-06-16,55.57140571096088,55.591221249377114,54.14472095983989,54.92741394042969,4335600,1.4465002895372265,-0.6439917705311942,-1.16,XLC,2223667,27136,120374,716
2020-06-17,55.046305871303446,55.41288387478016,54.56083464013638,54.99676513671875,2621400,0.8520492346437791,-0.049540734584695656,-0.09,XLC,2253265,29598,121052,678
2020-06-18,54.88779017164648,55.21473712796424,54.75899105337451,55.175106048583984,4696300,0.45574607458973304,0.28731587693750527,0.52,XLC,2285529,32264,121688,636
2020-06-19,55.838911271697995,55.838911271697995,54.62028397291566,55.026493072509766,4740400,1.2186272987823372,-0.8124181991882296,-1.45,XLC,2321560,36031,122382,694
2020-06-22,54.97883916057222,55.22702820941745,54.78624421629621,55.147605895996094,1995800,0.4407839931212365,0.16876673542387266,0.31,XLC,2417286,29512,123941,583
2020-06-23,55.505001068115234,56.07087182033109,55.3064490632704,55.505001068115234,4896900,0.764422757060693,0.0,0.0,XLC,2456952,39666,124719,778
2020-06-24,55.31637632677267,55.44543190527189,53.757749405573925,54.254127502441406,7736200,1.6876824996979636,-1.062248824331263,-1.92,XLC,2498086,41134,125421,702
2020-06-25,54.21441534699372,54.61151554493324,53.67832610335787,54.49238586425781,4779400,0.9331894415753723,0.2779705172640945,0.51,XLC,2550986,52900,127917,672
2020-06-26,54.16477672733515,54.214413777257356,51.99063834233949,52.08991622924805,6241400,2.2237754349178687,-2.074860498087105,-3.83,XLC,2603439,52453,128604,687
2020-06-29,51.802019612729076,53.0528907775879,51.54886571747197,53.05289077758789,3508300,1.5040250601159286,1.2508711648588147,2.41,XLC,2733048,39218,130210,537
2020-06-30,53.033036530645624,53.807388973161,52.78484747060988,53.6485481262207,2815900,1.022541502551114,0.6155115955750787,1.16,XLC,2780958,47910,130914,704
2020-07-01,53.827242824159114,55.18731776910843,53.787531666932935,54.97883987426758,5156500,1.3997861021754971,1.1515970501084638,2.14,XLC,2843193,62235,131702,788
2020-07-02,55.475214867591596,55.56456307280805,54.72071807086067,54.800140380859375,2252800,0.8438450019473791,-0.6750744867322211,-1.22,XLC,2902657,59464,132414,712
2020-07-06,55.415647434443876,55.981518131305386,55.246880708426716,55.902099609375,2082200,0.7346374228786701,0.4864521749311237,0.88,XLC,3106957,46413,135057,716
2020-07-07,55.76311503640394,56.56724893761251,55.6678135598647,55.743263244628906,2392300,0.8994353777478139,-0.019851791775032268,-0.04,XLC,3167959,61002,136028,971
2020-07-08,55.812753820568,56.33891338570164,55.39082941313818,56.23963928222656,3106800,0.9480839725634596,0.4268854616585642,0.76,XLC,3236094,68135,137120,1092
2020-07-09,56.4778983547665,56.537465088783605,55.42557922991428,56.30913162231445,3453700,1.1118858588693286,-0.16876673245204898,-0.3,XLC,3307038,70944,138003,883
2020-07-10,56.269424007996115,57.32174698614761,55.969609684422764,57.28203582763672,2429100,1.352137301724845,1.012611819640604,1.8,XLC,3381661,74623,138881,878
2020-07-13,57.73870383651549,57.99185774278318,55.94181364548523,56.13043975830078,2954700,2.050044097297949,-1.6082640782147095,-2.79,XLC,3567807,55284,141495,869
2020-07-14,55.56457041962355,56.74594903407618,55.32134240339076,56.68638229370117,3719800,1.4246066306854246,1.121811874077622,2.02,XLC,3633770,65963,142518,1023
2020-07-15,56.934569937065646,57.25225163697067,56.40841033167256,57.02391815185547,3089200,0.8438413052981062,0.08934821478982258,0.16,XLC,3708185,74415,143689,1171
2020-07-16,56.52753584984353,57.20261035907785,56.31905795974407,57.123191833496094,2216700,0.8835523993337802,0.5956559836525628,1.05,XLC,3782831,74646,144782,1093
2020-07-17,57.133118256955996,57.16290351800564,56.398480793513365,56.99413299560547,1928900,0.7644227244922774,-0.1389852613505269,-0.24,XLC,3860834,78003,145879,1097
2020-07-20,56.89485607721256,57.80818991352681,56.43818537199128,57.67913055419922,2205300,1.370004541535529,0.7842744769866599,1.38,XLC,4047456,59818,148889,1028
2020-07-21,58.056383969922884,58.10602102409033,57.2423241629704,57.40116500854492,2228100,0.8636968611199336,-0.6552189613779618,-1.13,XLC,4109979,62523,150221,1332
2020-07-22,57.3912426834737,57.50540753645583,57.04874055039789,57.46073532104492,1528700,0.45666698605793954,0.06949263757122282,0.12,XLC,4180809,70830,151425,1204
2020-07-23,57.5699353693605,57.70892063544997,56.22971218835961,56.52753829956055,2271200,1.4792084470903575,-1.0423970697999536,-1.81,XLC,4253285,72476,152686,1261
2020-07-24,56.140364347037334,56.61291804192669,55.852464129913905,56.43819046020508,3291800,0.7604539120127853,0.2978261131677442,0.53,XLC,4325652,72367,154023,1337
2020-07-27,56.646674356293744,56.904789321218516,56.34686002257653,56.82537078857422,1556100,0.5579292986419873,0.17869643228047494,0.32,XLC,4489496,51217,157228,1115
2020-07-28,56.66652474388513,56.87500263342137,56.15029107427328,56.23963928222656,1818100,0.7247115591480906,-0.4268854616585642,-0.75,XLC,4547963,58467,158575,1347
2020-07-29,56.517611448981114,56.90975060714703,56.30913355336817,56.7558708190918,1720600,0.600617053778862,0.23825937011068277,0.42,XLC,4614051,66088,159814,1239
2020-07-30,56.21978094709615,57.01398509714183,55.94180665428208,56.914710998535156,2202100,1.0721784428597445,0.6949300514390089,1.24,XLC,4679760,65709,161177,1363
2020-07-31,57.95710857754959,57.95710857754959,56.82040226309567,57.708919525146484,2741700,1.1367063144539173,-0.24818905240310585,-0.43,XLC,4745930,66170,162519,1342
2020-08-03,57.857830471737465,57.92732310318981,57.33961236845093,57.7585563659668,2335700,0.5877107347388844,-0.09927410577066809,-0.17,XLC,4893490,45123,165583,1001
2020-08-04,57.73869926151011,58.135803248227106,57.73869926151011,58.12587356567383,2829100,0.3971039867169992,0.38717430416372167,0.67,XLC,4946509,53019,166800,1217
2020-08-05,58.29464828710494,58.38399650120285,57.86776279608877,58.036529541015625,1874200,0.5162337051140824,-0.2581187460893162,-0.44,XLC,5005677,59168,168046,1246
2020-08-06,58.12587893085002,59.62494302136329,58.02660481853964,59.56537628173828,2277200,1.5983382028236548,1.43949735088826,2.48,XLC,5063083,57406,169282,1236
2020-08-07,59.41645400254543,60.438995411214265,58.99949823775818,59.49587631225586,2525900,1.4394971734560826,0.07942230971043074,0.13,XLC,5121985,58902,170585,1303
2020-08-10,59.47602537269343,60.0220405398056,58.72153230693079,59.29732894897461,4230300,1.3005082328748117,-0.17869642371881866,-0.3,XLC,5254020,40677,173365,927
2020-08-11,59.22783619878313,59.580264204012636,58.29464671114997,58.41377639770508,3121200,1.285617492862663,-0.8140598010780522,-1.37,XLC,5306370,52350,174591,1226
2020-08-12,58.74138110156604,59.476022337932186,58.74138110156604,59.10870361328125,6266000,0.7346412363661443,0.3673225117152086,0.63,XLC,5358060,51690,175845,1254
2020-08-13,59.168269128764784,59.83143334290611,59.13749544317827,59.406532287597656,1707300,0.6939378997278425,0.23826315883287208,0.4,XLC,5410146,52086,177032,1187
2020-08-14,59.45616557625349,59.5752952545942,59.19805064200459,59.396602630615234,1205100,0.37724461258961384,-0.05956294563825537,-0.1,XLC,5463266,53120,178042,1010
2020-08-17,59.624939628296644,59.624939628296644,59.257617102109215,59.46609878540039,1179400,0.36732252618742933,-0.15884084289625378,-0.27,XLC,5582351,37946,180709,834
2020-08-18,59.62494117677271,60.19081193097796,59.36185759186631,60.0021858215332,1353100,0.8289543391116467,0.3772446447604949,0.63,XLC,5624067,41716,181742,1033
2020-08-19,60.05182738724156,60.49856467126853,59.69443453036833,59.83341979980469,2143500,0.8041301409001989,-0.2184075874368716,-0.36,XLC,5671585,47518,182929,1187
2020-08-20,59.595153550631366,60.64747648732522,59.56040723506934,60.57798385620117,7930600,1.0870692522558798,0.9828303055698058,1.65,XLC,5718009,46424,183902,973
2020-08-21,60.43899970705532,60.6276220254281,60.1014624409231,60.309940338134766,2003100,0.5261595845050024,-0.12905936892055792,-0.21,XLC,5763750,45741,184894,992
2020-08-24,60.746752467716384,61.31262321694446,60.670310571120375,61.04458236694336,3340600,0.6423126458240844,0.29782989922697567,0.49,XLC,5871907,34983,187324,779
2020-08-25,61.06443175557779,61.72461553271505,60.915520598889664,61.62037658691406,4156100,0.809094933825385,0.5559448313362694,0.91,XLC,5912780,40873,188299,975
2020-08-26,61.74943120928594,63.79451017280357,61.72957563250646,63.72501754760742,3234100,2.0649345402971093,1.9755863383214844,3.2,XLC,5960351,47571,189289,990
2020-08-27,63.68531342332888,63.68928226688441,62.70744793462576,62.9506721496582,5037200,0.98183433225865,-0.7346412736706753,-1.15,XLC,6008266,47915,190223,934
2020-08-28,63.10951238267349,63.19886059364494,62.77197511756629,63.099586486816406,1819300,0.42688547607864535,-0.009925895857087141,-0.02,XLC,6053001,44735,191173,950
2020-08-31,63.040020975408346,63.228643296873436,62.71240959979243,62.8017578125,2728400,0.516233697081006,-0.23826316290834626,-0.38,XLC,6162859,36967,193316,688
2020-09-01,62.9208891408185,63.47385355760272,62.66277040755197,63.317989349365234,4703000,0.8110831500507558,0.3971002085467319,0.63,XLC,6202211,39352,194276,960
2020-09-02,63.685310104746335,64.86668480191501,63.42719137863759,64.66813659667969,4321700,1.4394934232774261,0.982826491933352,1.54,XLC,6247785,43869,195066,790
2020-09-03,64.09233767148076,64.24125261589573,61.73454549004907,62.47414779663086,7536500,2.50670712584666,-1.6181898748499037,-2.52,XLC,6293440,45655,195948,882
2020-09-04,62.15646704338582,62.503930202783174,59.73413946222343,61.33247756958008,10039900,2.769790740559742,-0.8239894738057387,-1.33,XLC,6343150,49710,196787,839
2020-09-08,59.82348680480799,60.573018794420875,59.58522743812513,59.71428680419922,8138700,0.9877913562957445,-0.109200000608773,-0.18,XLC,6465327,28224,199295,619
2020-09-09,60.528347412407655,61.00486993936492,59.78378025396235,60.42906951904297,4940700,1.2210896854025748,-0.09927789336468607,-0.16,XLC,6504424,39097,200135,840
2020-09-10,60.79639196663448,61.25305891433847,59.35689470472335,59.53559112548828,4882100,1.8961642096151152,-1.2608008411461995,-2.07,XLC,6545488,41064,200924,789
2020-09-11,59.90291063793114,60.07465779774495,58.691746834199996,59.34696578979492,5509000,1.3829109635449512,-0.555944848136221,-0.93,XLC,6590173,44685,201721,797
2020-09-14,59.99226172689044,60.68719187362568,59.54552064777031,59.57530212402344,3241600,1.1416712258553687,-0.41695960286700284,-0.7,XLC,6693404,33594,203571,538
2020-09-15,60.22059078182917,60.92544677307635,60.04189436333491,60.637550354003906,2024000,0.8835524097414407,0.4169595721747328,0.69,XLC,6731879,38475,204364,793
2020-09-16,60.637549221182795,61.11407173257706,59.88305240451033,59.98232650756836,2368600,1.2310193280667292,-0.6552227136144353,-1.08,XLC,6777938,46059,205349,985
2020-09-17,58.9399378600877,59.406534512282185,58.15566329599355,58.880374908447266,4600500,1.2508712162886368,-0.059562951640437234,-0.1,XLC,6824116,46178,206047,698
2020-09-18,59.21790686162966,59.24768833477169,57.54014651609633,58.31449890136719,4665400,1.7075418186753595,-0.9034079602624701,-1.53,XLC,6871803,47687,206820,773
2020-09-21,57.38331259343718,57.82104800611989,56.77147428944567,57.63202667236328,7845700,1.0495737166742174,0.2487140789260991,0.43,XLC,6984700,40435,208544,657
2020-09-22,58.1593038026166,58.86565093056913,57.721568356084596,58.74626922607422,2304600,1.1440825744845355,0.5869654234576203,1.01,XLC,7036575,51875,209258,714
2020-09-23,58.865650164666654,58.985035662684204,57.17439735525307,57.34352111816406,3913000,1.8106383074311339,-1.5221290465025916,-2.59,XLC,7080317,43742,210070,812
2020-09-24,56.985373430462055,57.99018052063713,56.88588930840012,57.45295715332031,2944900,1.1042912122370154,0.467583722858258,0.82,XLC,7126435,46118,210764,694
2020-09-25,57.38331465362748,58.41896047978507,56.93562853647242,58.218994140625,1879800,1.483331943312649,0.8356794869975204,1.46,XLC,7176707,50272,211469,705
2020-09-28,59.09447158999308,59.20390260596622,58.54729753474745,58.9949836730957,2016800,0.6566050712187703,-0.09948791689737391,-0.17,XLC,7288752,38587,213115,518
2020-09-29,59.06462676533788,59.28847174511715,58.726375418293024,59.05467987060547,3249100,0.5620963268241255,-0.009946894732408396,-0.02,XLC,7329811,41059,213977,862
2020-09-30,59.114364765880595,59.69138329267962,58.76616654803701,59.0944709777832,2884000,0.9252167446426043,-0.019893788097391507,-0.03,XLC,7378334,48523,214514,537
2020-10-01,59.58194889936546,60.07440175235207,59.49241167199735,59.94009780883789,7536600,0.5819900803547142,0.3581489094724333,0.6,XLC,7426820,48486,215218,704
2020-10-02,58.97508760388181,59.5919013192541,58.51745455963224,58.756221771240234,3320200,1.074446759621857,-0.21886583264157622,-0.37,XLC,7478309,51489,215990,772
2020-10-05,59.12431344393253,59.7510740098081,59.04472311394638,59.72122573852539,2122200,0.7063508958617177,0.5969122945928618,1.01,XLC,7602330,40675,217724,573
2020-10-06,59.44266736262011,59.76102109342472,58.36822067484765,58.467708587646484,2198400,1.3928004185770746,-0.9749587749736222,-1.64,XLC,7646982,44652,218412,688
2020-10-07,58.97508290254906,59.07457081406985,58.34832613780907,58.8954963684082,2063400,0.7262446762607837,-0.07958653414085859,-0.13,XLC,7704547,57565,219203,791
2020-10-08,59.203904145630084,59.69138546341478,59.203904145630084,59.66154098510742,1352300,0.48748131778469883,0.45763683947733824,0.77,XLC,7760683,56136,219884,681
2020-10-09,59.96994179717445,60.099274190112695,59.770973555824455,60.01968765258789,1838300,0.3283006342882402,0.04974585541344112,0.08,XLC,7818828,58145,220629,745
2020-10-12,60.90510507744602,62.258110278805624,60.67131323521578,61.60150146484375,3935600,1.586797043589847,0.6963963873977335,1.14,XLC,7964181,46927,222440,590
2020-10-13,61.91985861437647,61.98949825270676,61.37268460595896,61.66119384765625,2581900,0.6168136467478007,-0.25866476672022287,-0.42,XLC,8019042,54861,223181,741
2020-10-14,61.919863254381625,61.96960531476276,60.745932413022224,60.92500686645508,1999800,1.2236729017405352,-0.9948563879265464,-1.61,XLC,8080591,61549,224010,829
2020-10-15,60.198755574999865,60.596699629766796,59.94009459595439,60.457420349121094,1700200,0.6566050338124043,0.2586647741212289,0.43,XLC,8144720,64129,224703,693
2020-10-16,60.85536245748243,61.08418276272379,60.37286030489541,60.467369079589844,2932200,0.7113224578283805,-0.3879933778925846,-0.64,XLC,8215956,71236,225576,873
2020-10-19,60.68623587023383,60.88023255014737,59.159131562023596,59.382972717285156,3320800,1.7211009881237729,-1.3032631529486736,-2.15,XLC,8379147,60487,227628,674
2020-10-20,59.51230815870859,60.328090084107835,59.26359406449965,59.81076431274414,4365000,1.0644960196081854,0.2984561540355486,0.5,XLC,8440777,61630,228463,835
2020-10-21,60.54695915656136,61.382638657385975,60.39772918334859,60.81557083129883,3262000,0.9849094740373872,0.26861167473747116,0.44,XLC,8513914,73137,229509,1046
2020-10-22,61.01454417885034,61.35478412282016,60.402705829582935,61.2135124206543,2492900,0.9520782932372285,0.19896824180395356,0.33,XLC,8590186,76272,230367,858
2020-10-23,61.42243156379322,61.81042492578493,60.964794767141406,61.79052734375,1839900,0.8456301586435231,0.3680957799567821,0.6,XLC,8670253,80067,231257,890
2020-10-26,61.25330865271283,61.541817921454296,59.86548351005237,60.43752670288086,2771500,1.6763344114019247,-0.8157819498319725,-1.33,XLC,8875481,69240,233450,770
2020-10-27,60.67628957378631,60.994643297549736,60.32311223500663,60.82551574707031,1582100,0.671531062543103,0.14922617328399923,0.25,XLC,8955682,80201,234372,922
2020-10-28,59.7610232405567,59.830662884480034,58.358275877838864,58.4378662109375,4236400,1.4723870066411706,-1.3231570296192032,-2.21,XLC,9043255,87573,235380,1008
2020-10-29,59.13426107074974,60.47234409839296,58.845755608662785,59.91025161743164,3172900,1.6265884897301746,0.7759905466819035,1.31,XLC,9136553,93298,236488,1108
2020-10-30,60.05947647013315,60.417625361456444,58.26873580859243,58.8954963684082,3421000,2.148889552864013,-1.1639801017249454,-1.94,XLC,9235340,98787,237461,973
2020-11-02,59.3232869960133,59.8605065569012,58.379166985982806,58.86565017700195,3668600,1.4813395709183936,-0.45763681901134845,-0.77,XLC,9557743,89734,239916,855
2020-11-03,59.323285353113256,60.258448958092785,59.10441574117251,59.74112319946289,3494500,1.1540332169202756,0.4178378463496344,0.7,XLC,9662180,104437,241049,1133
2020-11-04,61.41248704329677,62.785389980990395,61.31300291820603,62.317806243896484,4571200,1.4723870627843638,0.9053192005997133,1.47,XLC,9782438,120258,242348,1299
2020-11-05,63.38230045337967,63.959318988110404,62.93461431351548,63.52157974243164,3258000,1.024704674594922,0.13927928905197007,0.22,XLC,9911940,129502,243559,1211
2020-11-06,63.561373947368054,63.561373947368054,62.68589926433623,63.372352600097656,5735300,0.8754746830318254,-0.18902134727039765,-0.3,XLC,10052012,140072,244874,1315
2020-11-09,64.3274171486662,64.51643469948831,62.79533361817718,62.83512878417969,6021600,1.721101081311133,-1.4922883644865124,-2.32,XLC,10416311,124124,247936,1066
2020-11-10,62.13872600544619,62.83512620156324,61.54181372024628,62.63615417480469,12894000,1.2933124813169599,0.49742816935849987,0.8,XLC,10571784,155473,249712,1310
2020-11-11,63.0738955860529,63.28281451363034,62.874923552375186,63.203224182128906,5063100,0.40789096125515556,0.12932859607600733,0.21,XLC,10733453,161669,251228,1516
2020-11-12,63.16343122287425,63.51162942674603,62.616257195253176,62.84507369995117,7035900,0.8953722314928569,-0.3183575229230797,-0.5,XLC,10902075,168622,252593,1365
2020-11-13,63.30270852836032,63.87972321891797,62.94455964694318,63.78023910522461,1661300,0.9351635719747833,0.47753057686428946,0.75,XLC,11085797,183722,253930,1337
2020-11-16,63.80013984097608,64.26275202575705,63.76034467313401,64.1881332397461,4772300,0.5024073526230453,0.38799339877001415,0.61,XLC,11542510,152555,257817,1208
2020-11-17,63.8896804226572,64.26772312930441,63.640966317984855,63.959320068359375,3483100,0.6267568113195594,0.06963964570217485,0.11,XLC,11716408,173898,259503,1686
2020-11-18,63.91951937271607,64.098593816199,63.302709509094726,63.31265640258789,2470000,0.7958843071042736,-0.6068629701281765,-0.95,XLC,11901426,185018,261408,1905
2020-11-19,63.044048014297054,63.839932362770185,62.95451078790158,63.700653076171875,3390400,0.8854215748686016,0.6566050618748207,1.04,XLC,12099045,197619,263343,1935
2020-11-20,63.75039414007347,64.02895269233407,63.541471430802375,63.551422119140625,1876300,0.48748126153169835,-0.1989720209328425,-0.31,XLC,12298595,199550,265305,1962
2020-11-23,63.78024416348653,63.90460121300352,62.954511533057236,63.58127212524414,2190900,0.9500896799462808,-0.1989720382423883,-0.31,XLC,12788855,161742,270058,1619
2020-11-24,63.75039353874836,64.94421806293342,63.700647687677645,64.88452911376953,2179000,1.2435703752557714,1.134135575021169,1.78,XLC,12970758,181903,272072,2014
2020-11-25,65.01385966232048,65.02381035086516,64.30950119835596,64.87458038330078,1693300,0.7143091525092018,-0.1392792790197035,-0.21,XLC,13173747,202989,274389,2317
2020-11-27,65.18298462802318,65.50133835600535,64.9641226070336,65.29241943359375,1229900,0.5372157489717466,0.10943480557057228,0.17,XLC,13495900,167171,277859,1754
2020-11-30,65.14319659117572,65.14319659117572,64.3871036462762,65.06360626220703,3617300,0.7560929448995211,-0.07959032896869189,-0.12,XLC,13937595,158665,282897,1850
2020-12-01,65.48145183597516,66.70512862036549,65.4018614976086,66.25743865966797,3888900,1.3032671227568784,0.7759868236928043,1.19,XLC,14144426,206831,285358,2461
2020-12-02,66.16790514499374,67.07322057486947,65.84955138204865,66.87425231933594,2380800,1.2236691928208216,0.7063471743421985,1.07,XLC,14371445,227019,288207,2849
2020-12-03,66.80460306798764,67.11300609677863,66.44645418738781,66.5757827758789,2129300,0.6665519093908188,-0.2288202921087361,-0.34,XLC,14613053,241608,291022,2815
2020-12-04,66.57578624477463,66.77476207222612,66.42655627172394,66.63548278808594,1997000,0.3482058005021855,0.05969654331130414,0.09,XLC,14852196,239143,293638,2616
2020-12-07,66.57578743411612,67.23736784067667,66.45640952566433,67.0533218383789,1981800,0.7809583150123416,0.4775344042627836,0.72,XLC,15429695,184588,300235,2305
2020-12-08,66.98367900938497,67.04336796077213,66.44148412721437,66.9538345336914,1712800,0.6018838335577641,-0.029844475693565187,-0.04,XLC,15659797,230102,302987,2752
2020-12-09,67.04337295387255,67.46121082500436,65.72021210513645,66.15795135498047,5494600,1.7409987198679033,-0.8854215988920799,-1.32,XLC,15893712,233915,306460,3473
2020-12-10,65.78985150643979,66.3071810889108,65.16309470206551,66.19774627685547,2287400,1.144086386845288,0.40789477041568034,0.62,XLC,16118331,224619,309225,2765
2020-12-11,66.09825968099013,66.69517198522476,66.00871866077148,66.59568786621094,2668300,0.6864533244532822,0.4974281852208122,0.75,XLC,16372705,254374,312564,3339
2020-12-14,66.7747655518206,67.2522923822844,66.33702629876868,66.38677215576172,2622800,0.9152660835157178,-0.3879933960588744,-0.58,XLC,16972754,190467,319695,2363
2020-12-15,66.71507505577324,66.93394470214844,66.06842439713192,66.93394470214844,1604200,0.865520305016517,0.21886964637519668,0.33,XLC,17171059,198305,322694,2999
2020-12-16,67.04337609555468,67.10306505418426,66.6165818249874,66.87425231933594,3249300,0.4864832291968497,-0.16912377621873986,-0.25,XLC,17409637,238578,326179,3485
2020-12-17,67.12296176300335,67.26721259970444,66.55091478538424,66.70512390136719,2437600,0.7162978143201997,-0.41783786163615844,-0.62,XLC,17652964,243327,329533,3354
2020-12-18,66.8643004101322,66.97870677546997,66.23754358549435,66.76481628417969,4397800,0.741163189975623,-0.09948412595251455,-0.15,XLC,17893386,240422,332572,3039
2020-12-21,65.97462852000868,66.31342380391057,65.18743598635697,66.19384765625,4508500,1.1259878175535931,0.21921913624132117,0.33,XLC,18448340,170918,340468,2672
2020-12-22,66.19384850545036,66.19384850545036,65.17747784525115,65.5760498046875,2041900,1.0163706601992146,-0.6177987007628616,-0.93,XLC,18645323,196983,343733,3265
2020-12-23,65.80523599766572,66.41306812314146,65.63584215345716,65.95470428466797,1671200,0.7772259696842951,0.14946828700225012,0.23,XLC,18888710,243387,347138,3405
2020-12-24,66.02445220947266,66.29348903232402,65.8002535900511,66.02445220947266,859700,0.49323544227291904,0.0,0.0,XLC,19107944,219234,350379,3241
2020-12-28,66.56253709040648,67.30987093078257,66.35327692510097,67.21022033691406,2806600,0.9565940056815947,0.647683246507583,0.97,XLC,19711243,187393,360397,2895
2020-12-29,67.36965554534774,67.48923169722976,67.07071896677917,67.15043640136719,1502000,0.4185127304505869,-0.21921914398055264,-0.33,XLC,19933828,222585,364187,3790
2020-12-30,67.40951677924316,67.40951677924316,66.66218290719452,66.70204162597656,2151800,0.7473338720486424,-0.7074751532665999,-1.05,XLC,20210238,276410,368122,3935
2020-12-31,66.62232878315687,67.34972954484454,66.62232878315687,67.24012756347656,2274200,0.7274007616876617,0.6177987803196885,0.93,XLC,20490160,279922,371789,3667
2021-01-04,67.50915719524282,67.5490159125017,65.44651609130197,66.2436752319336,4456800,2.1024998211997286,-1.2654819633092274,-1.87,XLC,21287200,197079,383076,2908
2021-01-05,66.08423904117166,66.66217902645677,66.01448818793192,66.48281860351562,2184600,0.6476908385248521,0.3985795623439685,0.6,XLC,21536829,249629,386831,3755
2021-01-06,65.45648813261131,66.61236062046824,65.24723555124774,66.1639633178711,3904200,1.3651250692204968,0.7074751852597814,1.08,XLC,21829542,292713,390948,4117
2021-01-07,66.46289247312441,67.35969468267406,66.35328289183093,67.04083251953125,2202600,1.0064117908431314,0.5779400464068374,0.87,XLC,22120943,291401,395058,4110
2021-01-08,67.07071587552541,67.29990158883466,66.44295821219202,67.25007629394531,4993100,0.8569433766426329,0.17936041841990402,0.27,XLC,22413625,292682,398942,3884
2021-01-11,66.27356330759814,66.6522096949419,65.91484247652616,66.0543441772461,2202900,0.7373672184157414,-0.21921913035204454,-0.33,XLC,23058493,190867,408182,3029
2021-01-12,65.95470452721952,66.27356665960296,64.6294307010775,64.98815155029297,14316600,1.6441359585254673,-0.9665529769265504,-1.47,XLC,23268237,209744,412282,4100
2021-01-13,64.9582606715996,65.53619307117758,64.768933663548,65.21733093261719,3685300,0.7672594076295809,0.2590702610175839,0.4,XLC,23508812,240575,416451,4169
2021-01-14,65.33690403516813,65.5860153068597,64.74401799217863,64.84864807128906,2543300,0.8419973146810662,-0.48825596387906955,-0.75,XLC,23737879,229067,420349,3898
2021-01-15,64.85861350593339,65.36680267941652,64.55470502239395,65.05790710449219,4829000,0.8120976570225764,0.19929359855879625,0.31,XLC,23966924,229045,423973,3624
2021-01-19,65.50630292822756,66.39313851567405,65.08779778404964,66.23371124267578,4431500,1.3053407316244119,0.7274083144482262,1.11,XLC,24624508,147041,436140,3041
2021-01-20,67.55898371548307,68.62517971407347,67.33976456772695,68.31627655029297,4614800,1.2854151463465229,0.7572928348099026,1.12,XLC,24818021,193513,440168,4028
2021-01-21,68.60525026066138,68.95400455899231,68.38603110106094,68.56539154052734,2393900,0.5679734579313731,-0.0398587201340348,-0.06,XLC,25015048,197027,443952,3784
2021-01-22,68.49564050935196,68.84938189823484,68.33621323148853,68.59528350830078,1979400,0.51316866674631,0.09964299894882345,0.15,XLC,25205890,190842,447598,3646
2021-01-25,69.04368363456952,69.36254577052961,68.0771306468012,68.99385833740234,4084400,1.2854151237284128,-0.049825297167174654,-0.07,XLC,25626335,121965,455529,2522
2021-01-26,68.92410740016211,70.05009525569807,68.92410740016211,69.9305191040039,3038300,1.1259878555359535,1.006411703841792,1.46,XLC,25772830,146495,458923,3394
2021-01-27,69.33264813342855,69.52196752264572,67.20025634291804,67.66858673095703,7709600,2.3217111797276857,-1.6640614024715177,-2.4,XLC,25937386,164556,462381,3458
2021-01-28,68.27641756784708,69.12340201767373,67.8778455941323,67.9077377319336,6688200,1.24555642354143,-0.36867983591348263,-0.54,XLC,26093842,156456,465520,3139
2021-01-29,67.48923453517102,67.62873625042964,66.20381935691091,66.64225006103516,4555200,1.424916893518727,-0.8469844741358656,-1.25,XLC,26254093,160251,468628,3108
2021-02-01,67.230159864775,68.18674635879347,66.7020451172488,67.88780975341797,3135100,1.4847012415446699,0.6576498886429647,0.98,XLC,26611108,125173,475566,2200
2021-02-02,68.33621141285387,69.29279786139729,68.20666867562176,68.92411041259766,2010300,1.0861291857755333,0.5878989997437856,0.86,XLC,26727565,116457,478311,2745
2021-02-03,70.02019340196105,70.42873953954285,69.41036949105182,69.85079956054688,2848300,1.0183700484910219,-0.1693938414141769,-0.24,XLC,26843960,116395,481421,3110
2021-02-04,69.98034758844764,70.27927657788862,69.58176800025299,70.2693099975586,2639900,0.6975085776356309,0.28896240911095106,0.41,XLC,26967101,123141,484206,2785
2021-02-05,70.65792824982195,71.24582723102887,70.6479616698245,71.1561508178711,1849400,0.5978655612043724,0.4982225680491439,0.71,XLC,27088471,121370,487077,2871
2021-02-08,71.49493441849734,71.57465184936305,70.88710231212342,71.43515014648438,5201000,0.687549537239633,-0.05978427201296199,-0.08,XLC,27355844,79467,492878,1720
2021-02-09,71.25579600197712,72.05294757400249,71.13621984515032,71.67430114746094,6044200,0.916727728852166,0.41850514548382023,0.59,XLC,27447943,92099,495384,2506
2021-02-10,72.32199079644026,72.57110208388823,71.34547120464401,72.35188293457031,2494500,1.2256308792442212,0.02989213813005165,0.04,XLC,27547807,99864,497941,2557
2021-02-11,72.50134569970925,72.50134569970925,71.80382958667236,72.43159484863281,1860100,0.6975161130368832,-0.06975085107643508,-0.1,XLC,27645718,97911,500796,2855
2021-02-12,72.34191420588049,72.8301701861408,72.28212993139599,72.74049377441406,1573900,0.5480402547448193,0.39857956853357734,0.55,XLC,27740664,94946,505545,2190
2021-02-16,72.74049438269564,73.58249173266724,72.74049438269564,73.08924865722656,1997000,0.8419973499715923,0.34875427453091845,0.48,XLC,27997929,56507,512938,1577
2021-02-17,72.66078336007405,73.35829957296367,72.53124821875214,73.29850769042969,1976400,0.8270513542115339,0.6377243303556384,0.88,XLC,28064583,66654,515076,2138
2021-02-18,72.80027947758137,73.22875119176581,72.40469519682716,72.93978118896484,2019900,0.8240559949386466,0.139501711383474,0.19,XLC,28134016,69433,517062,1986
2021-02-19,73.14904540960347,73.14904540960347,72.12270047290599,72.22235107421875,2500000,1.026344936697484,-0.9266943353847239,-1.27,XLC,28204076,70060,519200,2138
2021-02-22,71.53480053366717,72.6009965743999,71.48497523365388,71.93338012695312,2168100,1.1160213407460162,0.3985795932859588,0.56,XLC,28375711,55149,523618,1469
2021-02-23,71.2856811627224,72.74049005147927,70.2493773784834,72.49137878417969,4639200,2.491112672995868,1.2056976214572899,1.69,XLC,28446983,71272,525358,1740
2021-02-24,71.7540158770404,72.80027870125949,71.54476331219658,72.62091827392578,4004600,1.2555153890629072,0.8669023968853793,1.21,XLC,28519578,72595,527176,1818
2021-02-25,72.65081138674572,73.18888501739254,70.76752327039256,71.03656768798828,5492600,2.4213617469999775,-1.6142436987574342,-2.22,XLC,28589115,69537,529008,1832
2021-02-26,71.43515843556438,72.61594355847029,70.79743411918473,71.31558227539062,5379400,1.8185094392855632,-0.11957616017375017,-0.17,XLC,28660132,71017,530521,1513
2021-03-01,72.26219208910902,73.33835457373215,71.96326313378424,73.13906860351562,4196100,1.3750914399479086,0.8768765144066037,1.21,XLC,28826596,51411,533913,1161
2021-03-02,73.15899711638652,73.60740197090489,72.55116499970607,72.60099029541016,4647700,1.056236971198814,-0.5580068209763596,-0.76,XLC,28881018,54422,535318,1405
2021-03-03,72.5113094781297,72.83515870992805,71.38532920697583,71.56468963623047,4724000,1.4498295029522268,-0.9466198418992349,-1.31,XLC,28946562,65544,536675,1357
2021-03-04,71.5547186905103,72.8899590495567,70.55827361150685,71.43515014648438,8581100,2.3316854380498455,-0.11956854402592398,-0.17,XLC,29010929,64367,537929,1254
2021-03-05,72.0429807278684,73.3283881625737,71.13621207607868,73.10917663574219,11937300,2.1921760864950244,1.0661959078737908,1.48,XLC,29073165,62236,539552,1623
2021-03-08,73.16896372452167,73.60740199961569,72.08283461638587,72.13265991210938,8332000,1.5245673832298223,-1.0363038124122994,-1.42,XLC,29213075,42261,542240,863
2021-03-09,73.28854306969666,73.56754649246363,72.75046178195761,72.93978118896484,8758100,0.8170847105060233,-0.34876188073181424,-0.48,XLC,29268069,54103,543445,1067
2021-03-10,73.84654564355922,73.84654564355922,72.87002611808873,73.2486801147461,5704600,0.9765195254704935,-0.5978655288131307,-0.81,XLC,29326863,58794,544665,1220
2021-03-11,73.96611929875615,75.08711997837322,73.80668444189763,74.63373565673828,3256900,1.2804355364755935,0.6676163579821264,0.9,XLC,29385905,59042,545766,1101
2021-03-12,74.03587887576057,74.52413487847097,73.77680100396037,74.42449188232422,3106500,0.747333874510602,0.38861300656364506,0.52,XLC,29447514,61609,547000,1069
2021-03-15,74.61380329845684,74.99743677489738,74.27501562740885,74.95259857177734,3338900,0.7224211474885323,0.33879527332049975,0.45,XLC,29585815,43199,549115,692
2021-03-16,75.38107103687376,76.32769081209955,75.15188532586225,75.73979187011719,3802800,1.1758054862372944,0.3587208332434244,0.48,XLC,29640154,54339,550004,889
2021-03-17,75.16484457180829,76.03872586095676,74.47430730223698,75.749755859375,4617200,1.5644185587197796,0.5849112875667117,0.78,XLC,29701930,61776,550844,840
2021-03-18,74.83302750114498,75.52057707135441,74.41452237244054,74.4942398071289,5529800,1.1060546989138658,-0.33878769401607656,-0.45,XLC,29764569,62639,551556,712
2021-03-19,74.61381490639576,75.53055028123589,74.52413848620441,75.14193725585938,9243200,1.0064117950314824,0.5281223494636151,0.71,XLC,29825558,60989,552578,1022
2021-03-22,75.35454391211705,76.282875490045,75.00517345068286,75.77379608154297,5225800,1.2777020393621399,0.41925216942591703,0.56,XLC,29974924,48990,554432,594
2021-03-23,75.69394006055435,76.1181729136413,75.09002226112987,75.21479797363281,4294800,1.0281506525114281,-0.4791420869215415,-0.63,XLC,30034087,59163,555131,699
2021-03-24,75.2147913437229,75.2147913437229,73.29823839638408,73.31819915771484,4263400,1.9165529473388148,-1.89659218600805,-2.52,XLC,30102425,68338,556008,877
2021-03-25,72.90894133299712,73.50786319774592,72.38987013203136,72.95884704589844,3846200,1.1179930657145576,0.04990571290132095,0.07,XLC,30169206,66781,556770,762
2021-03-26,72.99877502386991,73.19842071941196,70.89256053405488,72.16028594970703,4204600,2.3058601853570764,-0.8384890741628794,-1.15,XLC,30245419,76213,557614,844
2021-03-29,72.14031788390065,73.17845265808965,71.91073485266637,72.89895629882812,4274000,1.2677178054232883,0.758638414927475,1.05,XLC,30417215,57554,559343,580
2021-03-30,72.89895629882812,73.05867285595164,72.5795308002857,72.89895629882812,2660300,0.47914205566594603,0.0,0.0,XLC,30480174,62959,560068,725
2021-03-31,73.19842260448772,73.63762791458191,72.91892623923557,73.18843841552734,3857400,0.7187016753463382,-0.009984188960373785,-0.01,XLC,30552900,72726,560912,844
2021-04-01,73.84726035961067,74.49608796609579,73.84726035961067,74.44618225097656,4549600,0.6488276064851135,0.5989218913658902,0.81,XLC,30626807,73907,561600,688
2021-04-05,74.8055311901239,76.11816639455569,74.8055311901239,76.01335906982422,3970000,1.3126352044317855,1.207827879700318,1.61,XLC,30860489,56615,563801,404
2021-04-06,75.99339590892072,76.43260884648818,75.83368695979935,76.20301818847656,2523500,0.598921886688828,0.20962227955584467,0.28,XLC,30926838,66349,564527,726
2021-04-07,76.22298474878356,76.87082229310168,76.22298474878356,76.79196166992188,2347700,0.6478375443181221,0.5689769211383151,0.75,XLC,31005761,78923,565237,710
2021-04-08,77.19124815883772,77.251138063463,76.5543924385447,76.80194854736328,2891400,0.6967456249183073,-0.38929961147444203,-0.5,XLC,31082328,76567,565978,741
2021-04-09,76.5024784361925,76.8368764064445,76.22298207990453,76.78197479248047,2324100,0.6138943265399774,0.27949635628796443,0.37,XLC,31161116,78716,566708,704
2021-04-12,76.56236903115018,76.5973098838554,76.12316373115826,76.4725341796875,2234300,0.4741461526971449,-0.08983485146268322,-0.12,XLC,31338390,61513,568299,544
2021-04-13,76.69214460158076,77.02155430537961,76.46255394313476,76.57235717773438,2891100,0.559000362244845,-0.11978742384638963,-0.16,XLC,31412507,74117,569065,766
2021-04-14,76.50248465602283,76.53242960867334,75.62406637688538,75.78377532958984,3939200,0.9083632317879591,-0.718709326432986,-0.94,XLC,31486300,73793,569785,720
2021-04-15,76.30283993677489,76.96165168500514,76.19303670945243,76.75202941894531,4523500,0.7686149755527083,0.449189482170425,0.59,XLC,31561198,74898,570452,667
2021-04-16,76.96165351938868,77.00158265897623,76.41264498539525,76.70211791992188,3378100,0.5889376735809861,-0.25953559946680116,-0.34,XLC,31631803,70605,571207,755
2021-04-19,76.50247884300086,76.9217233796622,75.87361203800886,76.27289581298828,3188300,1.048111341653339,-0.22958303001257718,-0.3,XLC,31788891,34543,572754,502
2021-04-20,76.13314438669323,76.33279009349032,75.29465526526053,75.86363220214844,3535200,1.0381348282297864,-0.2695121845447943,-0.35,XLC,31849774,60883,573483,729
2021-04-21,75.4244160318222,76.01336132201273,74.9552581605784,75.99339294433594,7034100,1.0581031614343317,0.5689769125137332,0.75,XLC,31914233,64459,574187,704
2021-04-22,76.17307253204848,76.32779319297752,75.15490609566397,75.43440246582031,3532900,1.1728870973135486,-0.7386700662281669,-0.97,XLC,31974786,60553,574858,671
2021-04-23,75.76381188542595,76.53242690051,75.60210000798929,76.31282043457031,2741900,0.9303268925207107,0.5490085491443608,0.72,XLC,32038555,63769,575650,792
2021-04-26,76.4725341796875,76.61228235909918,76.28287267232679,76.4725341796875,2767100,0.3294096867723937,0.0,0.0,XLC,32161420,39699,577209,496
2021-04-27,76.59232229778567,76.73207047847538,76.07325109890562,76.16309356689453,4684900,0.6588193795697634,-0.4292287308911398,-0.56,XLC,32213879,52459,577756,547
2021-04-28,77.20122557863677,77.71031262064669,76.79196519970321,76.8618392944336,3355400,0.9183474209434763,-0.3393862842031723,-0.44,XLC,32269645,55766,578519,763
2021-04-29,78.66858870213566,79.07785669426917,78.1095959477144,78.9880142211914,4816200,0.9682607465547761,0.31942551905574135,0.41,XLC,32326565,56920,579199,680
2021-04-30,78.00977693254282,78.26931254678854,77.78018627076676,77.90995788574219,3819500,0.4891262760217785,-0.0998190468006328,-0.13,XLC,32381403,54838,579900,701
2021-05-03,78.21939593748051,78.30823313379787,77.4108517918636,77.50068664550781,3861300,0.8973813419342633,-0.7187092919727007,-0.92,XLC,32497653,33582,581299,485
2021-05-04,77.0714607338821,77.31102796808828,75.67397123888675,76.80194854736328,6848700,1.6370567292015323,-0.26951218651882414,-0.35,XLC,32542141,44488,581997,698
2021-05-05,77.27110430522414,77.51067153280513,76.55738329345543,76.65221405029297,3829000,0.9532882393497033,-0.6188902549311734,-0.8,XLC,32587692,45551,582628,631
2021-05-06,76.56236908353786,77.57055890630174,76.44258928150565,77.55059814453125,5321700,1.1279696247960942,0.9882290609933904,1.29,XLC,32630953,43261,583234,606
2021-05-07,78.12955743649627,78.50388457710287,77.76022619848241,78.13954162597656,3636400,0.7436583786204523,0.009984189480292116,0.01,XLC,32674529,43576,583955,721
2021-05-10,77.75023603314223,77.78018098357637,76.58732555848744,76.64222717285156,4043500,1.1928554250889363,-1.108008860290667,-1.43,XLC,32761747,24837,585257,412
2021-05-11,75.51425949274933,76.61228419256369,75.42441702343196,76.42262268066406,9642100,1.187867169131735,0.9083631879147305,1.2,XLC,32796389,34642,585860,603
2021-05-12,75.48431621606349,75.94348991469184,74.70570938895808,74.9253158569336,5624800,1.2377805257337542,-0.5590003591298967,-0.74,XLC,32831811,35422,586525,665
2021-05-13,75.3944737464258,76.1231672432966,74.99518995152557,75.46434783935547,7711900,1.1279772917710318,0.06987409292966618,0.09,XLC,32867378,35567,587127,602
2021-05-14,76.14312366841706,77.11138434078822,76.0133596791412,76.95166778564453,3257000,1.0980246616470168,0.8085441172274699,1.06,XLC,32901026,33648,587762,635
2021-05-17,76.93171113069448,76.99160103421801,75.84367059959081,76.3427734375,3006100,1.1479304346271988,-0.588937693194481,-0.77,XLC,32970329,19818,589000,414
2021-05-18,76.33278580854613,76.57235302754951,75.5442024463011,75.56416320800781,2438200,1.0281505812484113,-0.7686226005383219,-1.01,XLC,32999031,28702,589615,615
2021-05-19,74.47911737685502,75.73386566049183,74.40625031378167,75.68395233154297,4936800,1.3276153467101608,1.2048349546879535,1.62,XLC,33027416,28385,590166,551
2021-05-20,76.06326582269313,77.14632563111206,75.88358850498862,76.98162078857422,3504500,1.2627371261234401,0.9183549658810932,1.21,XLC,33055119,27703,590664,498
2021-05-21,77.34097426729295,77.36093502864844,76.68215490699471,76.72208404541016,4452000,0.6787801216537304,-0.6188902218827934,-0.8,XLC,33082762,27643,591254,590
2021-05-24,77.3010471805083,78.31921358215963,77.15131481140247,78.11957550048828,3020000,1.1678987707571622,0.8185283199799755,1.06,XLC,33135569,16019,592289,372
2021-05-25,78.53882230618783,78.64862553898477,77.93990042819844,78.099609375,3079300,0.7087251107863324,-0.439212931187825,-0.56,XLC,33159515,23946,592779,490
2021-05-26,78.329199616679,78.93810568054073,78.1694830550147,78.60869598388672,4644900,0.7686226255260351,0.2794963672077131,0.36,XLC,33183356,23841,593276,497
2021-05-27,78.7065163405259,79.09681358056334,78.57375176393761,78.90815734863281,4462100,0.5230618166257273,0.2016410081069182,0.26,XLC,33205178,21822,593783,507
2021-05-28,79.12776270739637,79.15771527567168,78.56976760824472,78.64862823486328,2834100,0.5879476674269597,-0.47913447253309016,-0.61,XLC,33225662,20484,594307,524
2021-06-01,78.93810695084397,79.07785513669671,78.3192166879926,78.69853210449219,3301400,0.7586384487041187,-0.23957484635178616,-0.3,XLC,33271631,9558,595522,334
2021-06-02,78.84826107570105,78.9580643049459,78.06467361140413,78.4589614868164,2782000,0.8933906935417752,-0.38929958888464,-0.49,XLC,33288381,16750,595994,472
2021-06-03,77.9099556193385,78.14752753315277,77.45077430914401,77.92991638183594,2812300,0.6967532240087593,0.019960762497433393,0.03,XLC,33307495,19114,596423,429
2021-06-04,78.24934498351833,79.15771583499284,78.12955755668608,79.04791259765625,2333200,1.028158278306762,0.798567614137923,1.02,XLC,33325972,18477,596944,521
2021-06-07,78.91813661175956,79.49709771916817,78.83828594733112,79.45716857910156,3321100,0.6588117718370512,0.5390319673419981,0.68,XLC,33361681,10339,597826,339
2021-06-08,79.67677433313901,79.67677433313901,78.83828524631038,79.22758483886719,3325100,0.8384890868286305,-0.4491894942718204,-0.56,XLC,33376095,14414,598138,312
2021-06-09,79.58694089523811,79.71670488982873,79.10779882588729,79.1477279663086,5168000,0.608906063941447,-0.43921292892952124,-0.55,XLC,33396199,19640,598504,348
2021-06-10,79.22758723920666,79.70173341212637,78.93810667930606,79.57695770263672,2470300,0.7636267328203132,0.3493704634300627,0.44,XLC,33412681,16481,598884,380
2021-06-11,79.69673877548252,79.71171886730772,79.29746259133803,79.66679382324219,3729100,0.4142562759696915,-0.029944952240327893,-0.04,XLC,33426908,14227,599224,340
2021-06-14,79.72668866603743,80.21580730618233,79.49709801372995,80.19583892822266,2733200,0.7187092924523739,0.4691502621852237,0.59,XLC,33456097,8463,599910,221
2021-06-15,80.26571920499553,80.40546738540368,79.5999086098804,79.73666381835938,3085700,0.8055587755232807,-0.5290553866361591,-0.66,XLC,33469388,13291,600221,311
2021-06-16,79.89638321072162,79.89638321072162,78.36912974514944,79.03792572021484,4691900,1.527253465572187,-0.8584574905067797,-1.07,XLC,33483088,13700,600551,330
2021-06-17,78.92811954048099,79.82650613837339,78.89817458983536,79.3673324584961,4556300,0.9283315485380257,0.43921291801510165,0.56,XLC,33496857,13769,600818,267
2021-06-18,79.01695883120617,79.09781476951706,78.31921556925784,78.43900299072266,6194800,0.7785992002592224,-0.5779558404835115,-0.73,XLC,33508529,11672,601045,227
2021-06-21,78.62000274658203,79.26000213623047,78.27999877929688,79.19999694824219,3274400,0.9800033569335938,0.5799942016601562,0.74,XLC,33538414,8553,601715,264
2021-06-22,79.27999877929688,79.98999786376953,79.05000305175781,79.87999725341797,4690300,0.9399948120117188,0.5999984741210938,0.76,XLC,33552200,13786,602004,289
2021-06-23,79.80999755859375,80.22000122070312,79.73500061035156,79.80000305175781,4669000,0.4850006103515625,-0.0099945068359375,-0.01,XLC,33566722,14522,602314,310
2021-06-24,80.18000030517578,80.58999633789062,80.12999725341797,80.55000305175781,3430900,0.45999908447265625,0.37000274658203125,0.46,XLC,33582241,15519,602569,255
2021-06-25,80.52999877929688,80.73999786376953,80.375,80.6500015258789,5843400,0.36499786376953125,0.12000274658203125,0.15,XLC,33596646,14405,602892,313
2021-06-28,80.83999633789062,81.66000366210938,80.58899688720703,81.55999755859375,3553900,1.0710067749023438,0.720001220703125,0.89,XLC,33630183,10829,603434,207
2021-06-29,81.56999969482422,81.6500015258789,80.8949966430664,81.12000274658203,4272900,0.7550048828125,-0.4499969482421875,-0.55,XLC,33646660,16355,603704,270
2021-06-30,81.05000305175781,81.19000244140625,80.68000030517578,80.97000122070312,2533700,0.5100021362304688,-0.0800018310546875,-0.1,XLC,33664635,17839,603951,247
2021-07-01,80.87000274658203,81.68000030517578,80.8499984741211,81.56999969482422,5227500,0.8300018310546875,0.6999969482421875,0.87,XLC,33683588,18831,604166,215
2021-07-02,81.87000274658203,82.25499725341797,81.73500061035156,82.13999938964844,4347500,0.5199966430664062,0.26999664306640625,0.33,XLC,33701033,17316,604431,265
2021-07-06,82.27999877929688,82.38600158691406,81.19000244140625,81.94000244140625,3829500,1.1959991455078125,-0.339996337890625,-0.41,XLC,33756891,16824,605064,203
2021-07-07,82.31999969482422,82.31999969482422,81.62999725341797,81.81999969482422,3651700,0.69000244140625,-0.5,-0.61,XLC,33781675,24581,605303,239
2021-07-08,80.7699966430664,81.29000091552734,80.5199966430664,80.91999816894531,5237000,0.7700042724609375,0.15000152587890625,0.19,XLC,33812436,30660,605500,197
2021-07-09,80.94999694824219,81.76100158691406,80.94000244140625,81.63999938964844,2914300,0.8209991455078125,0.69000244140625,0.85,XLC,33842320,29198,605767,267
2021-07-12,81.80999755859375,82.26000213623047,81.5,82.22000122070312,3568600,0.7600021362304688,0.410003662109375,0.5,XLC,33911824,24371,606288,227
2021-07-13,82.13999938964844,82.6449966430664,81.93000030517578,82.01000213623047,3979100,0.714996337890625,-0.12999725341796875,-0.16,XLC,33947716,35736,606622,334
2021-07-14,82.4800033569336,82.54000091552734,81.86000061035156,81.94999694824219,3459600,0.6800003051757812,-0.5300064086914062,-0.64,XLC,33989020,41064,606929,307
2021-07-15,82.05000305175781,82.05000305175781,81.02999877929688,81.37000274658203,4500500,1.0200042724609375,-0.6800003051757812,-0.83,XLC,34032060,42777,607227,298
2021-07-16,81.48999786376953,81.72000122070312,80.76000213623047,80.86000061035156,3509300,0.9599990844726562,-0.6299972534179688,-0.77,XLC,34075976,43737,607526,299
2021-07-19,80.20999908447266,80.22000122070312,79.26000213623047,79.62999725341797,6896900,0.9599990844726562,-0.5800018310546875,-0.72,XLC,34186693,37494,608144,256
2021-07-20,79.9000015258789,80.82499694824219,79.4749984741211,80.52999877929688,4111800,1.3499984741210938,0.6299972534179688,0.79,XLC,34240063,53061,608458,314
2021-07-21,80.5999984741211,81.20500183105469,80.55999755859375,81.19999694824219,2612700,0.6450042724609375,0.5999984741210938,0.74,XLC,34305766,65402,608845,387
2021-07-22,81.19000244140625,81.5,80.81999969482422,81.4800033569336,2254800,0.6800003051757812,0.29000091552734375,0.36,XLC,34377253,71030,609175,330
2021-07-23,82.43000030517578,83.72899627685547,82.06999969482422,83.5,3872500,1.65899658203125,1.0699996948242188,1.3,XLC,34447581,69795,609561,386
2021-07-26,83.4000015258789,83.95500183105469,83.2699966430664,83.93000030517578,3189800,0.6850051879882812,0.529998779296875,0.64,XLC,34619179,58053,610465,364
2021-07-27,83.83000183105469,83.91000366210938,82.31999969482422,82.93000030517578,4857500,1.5900039672851562,-0.9000015258789062,-1.07,XLC,34706746,87143,610923,458
2021-07-28,83.80999755859375,84.18000030517578,83.19999694824219,83.58000183105469,7295300,0.9800033569335938,-0.2299957275390625,-0.27,XLC,34802642,95460,611362,439
2021-07-29,83.04000091552734,83.31999969482422,82.63999938964844,82.68000030517578,5291200,0.6800003051757812,-0.3600006103515625,-0.43,XLC,34902973,99940,611814,452
2021-07-30,82.16999816894531,82.93499755859375,82.02999877929688,82.4000015258789,2999500,0.904998779296875,0.23000335693359375,0.28,XLC,35011064,107400,612429,485
2021-08-02,82.75,82.83000183105469,82.05999755859375,82.20999908447266,3988200,0.7700042724609375,-0.5400009155273438,-0.65,XLC,35259228,80689,613680,506
2021-08-03,82.23999786376953,82.25,80.91000366210938,81.83999633789062,4860500,1.339996337890625,-0.40000152587890625,-0.49,XLC,35376062,116086,614337,657
2021-08-04,81.95999908447266,82.2699966430664,81.58999633789062,82.06999969482422,3864600,0.6800003051757812,0.1100006103515625,0.13,XLC,35505542,128840,615007,670
2021-08-05,82.30999755859375,82.83499908447266,82.11000061035156,82.81999969482422,2261300,0.7249984741210938,0.5100021362304688,0.62,XLC,35635771,129564,615652,645
2021-08-06,82.6500015258789,83.05000305175781,82.61000061035156,82.81999969482422,2764400,0.44000244140625,0.1699981689453125,0.21,XLC,35768174,124290,616381,729
2021-08-09,82.80999755859375,82.81999969482422,82.38999938964844,82.66999816894531,2367800,0.43000030517578125,-0.1399993896484375,-0.17,XLC,36077151,94603,618106,677
2021-08-10,82.75,82.91999816894531,82.47000122070312,82.83000183105469,6254400,0.4499969482421875,0.0800018310546875,0.1,XLC,36218283,140645,618949,843
2021-08-11,82.98999786376953,83.08499908447266,82.68000030517578,82.98999786376953,2457600,0.404998779296875,0.0,0.0,XLC,36369494,150662,619790,829
2021-08-12,82.9000015258789,83.18000030517578,82.47000122070312,83.13999938964844,2269000,0.7099990844726562,0.23999786376953125,0.29,XLC,36522972,152847,620587,797
2021-08-13,83.3499984741211,83.44999694824219,83.125,83.19000244140625,2144600,0.3249969482421875,-0.15999603271484375,-0.19,XLC,36668531,144952,621520,919
2021-08-16,82.9000015258789,83.3499984741211,82.25,83.33000183105469,3483200,1.0999984741210938,0.43000030517578125,0.52,XLC,37018310,108436,623288,638
2021-08-17,82.79000091552734,83.12999725341797,82.0999984741211,82.63999938964844,5941400,1.029998779296875,-0.15000152587890625,-0.18,XLC,37170957,152111,624234,946
2021-08-18,82.44999694824219,82.91999816894531,81.95500183105469,82.01000213623047,3041200,0.964996337890625,-0.43999481201171875,-0.53,XLC,37343839,171602,625349,1100
2021-08-19,81.5,82.38999938964844,81.41999816894531,82.0199966430664,4409800,0.970001220703125,0.5199966430664062,0.64,XLC,37508256,163747,626278,900
2021-08-20,82.0,82.85800170898438,81.83000183105469,82.7300033569336,4143100,1.0279998779296875,0.7300033569335938,0.89,XLC,37671394,160857,627325,999
2021-08-23,82.83999633789062,84.08000183105469,82.83999633789062,83.7300033569336,3062200,1.2400054931640625,0.8900070190429688,1.07,XLC,38037577,112020,629220,703
2021-08-24,83.91000366210938,84.3270034790039,83.7300033569336,84.0,3132700,0.5970001220703125,0.089996337890625,0.11,XLC,38192607,154363,630408,1184
2021-08-25,84.02999877929688,84.31999969482422,83.8499984741211,84.12999725341797,3835100,0.470001220703125,0.09999847412109375,0.12,XLC,38360956,162485,631563,1138
2021-08-26,84.06999969482422,84.19999694824219,83.4000015258789,83.4000015258789,3279800,0.7999954223632812,-0.6699981689453125,-0.8,XLC,38531770,170229,632786,1192
